id,first_name,last_name,email,gender,ip_address
1,Donielle,Dunley,ddunley0@ovh.net,Female,19.229.197.180
2,Auberon,Rubinfajn,arubinfajn1@mayoclinic.com,Male,85.188.248.20
3,Sutherland,Ilyenko,silyenko2@nyu.edu,Male,117.191.198.79
4,Dollie,Tomasek,dtomasek3@nytimes.com,Female,107.31.142.234
5,Rosana,Andrea,randrea4@paypal.com,Female,38.187.232.11
6,Bartlett,Robardet,brobardet5@paginegialle.it,Male,50.38.28.35
7,Baxy,Hindenberger,bhindenberger6@cbc.ca,Male,157.172.219.222
8,Tally,Deery,tdeery7@engadget.com,Female,106.80.3.146
9,Perl,Beringer,pberinger8@shareasale.com,Female,158.84.14.88
10,Joanna,Ewers,jewers9@bing.com,Female,18.170.71.211
11,Adams,MacRitchie,amacritchiea@hud.gov,Male,186.28.32.243
12,Reilly,Addionizio,raddioniziob@odnoklassniki.ru,Male,160.75.253.240
13,Lucas,Hibbart,lhibbartc@lulu.com,Male,210.48.179.37
14,Chester,Sallows,csallowsd@wisc.edu,Male,232.67.158.9
15,Godwin,Tranter,gtrantere@networksolutions.com,Male,63.139.113.225
16,Nerta,Josifovic,njosifovicf@discovery.com,Female,112.39.110.43
17,Shelbi,Vannozzii,svannozziig@google.it,Female,133.101.168.103
18,Alyssa,Dahlborg,adahlborgh@amazon.de,Female,79.119.247.164
19,Raddy,Muddicliffe,rmuddicliffei@ustream.tv,Agender,4.133.79.10
20,Edita,Caldero,ecalderoj@hc360.com,Female,200.253.148.175
21,Lou,Shoveller,lshovellerk@amazon.com,Male,88.224.70.137
22,Jaine,Roddan,jroddanl@google.cn,Female,15.115.47.39
23,Park,Layus,playusm@intel.com,Male,2.76.128.25
24,Edgar,Reubens,ereubensn@usa.gov,Male,204.251.202.62
25,Noah,Bantick,nbanticko@edublogs.org,Male,162.26.90.249
26,Zora,Allwright,zallwrightp@t-online.de,Female,150.203.19.94
27,Sisile,Emmott,semmottq@reference.com,Female,213.153.197.174
28,Tomas,Beverage,tbeverager@csmonitor.com,Male,37.161.31.91
29,Eduardo,Stogill,estogills@weibo.com,Male,84.187.149.201
30,Stace,Thurlborn,sthurlbornt@amazon.com,Non-binary,107.3.188.91
31,Aldo,Basindale,abasindaleu@ehow.com,Male,169.26.102.53
32,Millie,Thamelt,mthameltv@techcrunch.com,Female,222.172.31.255
33,Jessica,Quirke,jquirkew@usnews.com,Female,142.74.216.14
34,Tristam,Novic,tnovicx@phpbb.com,Male,253.30.57.153
35,Neill,Hane,nhaney@merriam-webster.com,Male,106.127.81.158
36,Bonita,Mulloch,bmullochz@alexa.com,Non-binary,11.171.240.175
37,Marlene,Harken,mharken10@plala.or.jp,Female,49.171.31.228
38,Phelia,McNevin,pmcnevin11@sogou.com,Female,64.212.76.37
39,Janina,MacVay,jmacvay12@yolasite.com,Female,189.243.67.202
40,Dehlia,Ridge,dridge13@facebook.com,Female,252.1.24.37
41,Desiree,Giannassi,dgiannassi14@ovh.net,Female,216.24.171.160
42,Radcliffe,Brandolini,rbrandolini15@tinyurl.com,Male,120.193.139.96
43,Christoph,Thurstance,cthurstance16@weebly.com,Male,155.215.146.91
44,Bale,Fancutt,bfancutt17@purevolume.com,Male,250.101.207.211
45,Raven,Aizikowitz,raizikowitz18@purevolume.com,Female,18.218.85.190
46,Annora,Velden,avelden19@nydailynews.com,Female,187.219.211.28
47,Hatty,Friend,hfriend1a@sina.com.cn,Female,69.191.51.134
48,Fielding,Pardue,fpardue1b@noaa.gov,Male,27.118.23.31
49,Magdaia,Rennebeck,mrennebeck1c@tumblr.com,Female,2.79.215.188
50,Stevena,Keigher,skeigher1d@freewebs.com,Female,117.135.177.52
51,Reina,Pestor,rpestor1e@homestead.com,Female,20.23.189.149
52,Andrea,Paskell,apaskell1f@canalblog.com,Female,242.39.148.254
53,Chip,Hagerty,chagerty1g@independent.co.uk,Male,165.9.133.174
54,Joan,Flavelle,jflavelle1h@dell.com,Female,177.21.114.210
55,Jared,Sallans,jsallans1i@harvard.edu,Male,129.146.10.34
56,Larina,Armer,larmer1j@hugedomains.com,Female,119.131.243.47
57,Durward,Oiller,doiller1k@ezinearticles.com,Male,45.174.70.201
58,Annnora,Pigeon,apigeon1l@cdbaby.com,Female,112.155.239.32
59,Rubi,Ector,rector1m@surveymonkey.com,Female,252.186.231.100
60,Diandra,Puddan,dpuddan1n@time.com,Female,251.114.202.223
61,Carlen,Rudolph,crudolph1o@multiply.com,Polygender,100.66.109.247
62,Zachariah,Heimes,zheimes1p@yahoo.com,Male,147.208.177.4
63,Stavro,Poli,spoli1q@usatoday.com,Male,20.117.36.66
64,Ethelind,Hewlings,ehewlings1r@icq.com,Female,15.185.45.20
65,Hughie,Blundell,hblundell1s@theatlantic.com,Male,220.29.141.61
66,Cecilius,Akeherst,cakeherst1t@jiathis.com,Male,131.50.158.21
67,Dannye,Ogley,dogley1u@amazonaws.com,Female,187.195.192.56
68,Faulkner,Lowndsbrough,flowndsbrough1v@amazon.co.jp,Male,154.177.133.54
69,Emmalynn,Tatford,etatford1w@example.com,Female,195.189.177.194
70,Eldon,Rosenstiel,erosenstiel1x@purevolume.com,Bigender,117.112.173.226
71,Sandy,Labbez,slabbez1y@meetup.com,Female,252.141.105.110
72,Bevan,Doiley,bdoiley1z@telegraph.co.uk,Male,247.196.49.89
73,Bertina,Ruvel,bruvel20@usnews.com,Female,13.18.191.243
74,Vaughan,Farnfield,vfarnfield21@nsw.gov.au,Male,234.23.136.42
75,Claiborn,Smeeton,csmeeton22@sfgate.com,Male,189.246.157.83
76,David,Akitt,dakitt23@auda.org.au,Male,35.179.82.34
77,Lenci,Middiff,lmiddiff24@surveymonkey.com,Male,184.37.52.36
78,Hortensia,Dunbabin,hdunbabin25@wikimedia.org,Non-binary,141.39.15.186
79,Micheil,McCoole,mmccoole26@kickstarter.com,Male,94.21.64.69
80,Curry,McNulty,cmcnulty27@wix.com,Male,190.92.87.244
81,Dodie,Halms,dhalms28@ycombinator.com,Female,201.215.100.82
82,Alvan,Dyzart,adyzart29@omniture.com,Male,248.197.245.122
83,Zacharias,Kings,zkings2a@home.pl,Male,209.165.225.83
84,Angela,Chimes,achimes2b@wikispaces.com,Female,60.189.0.102
85,Jillana,Clere,jclere2c@goo.gl,Female,79.90.176.37
86,Lexine,Barreau,lbarreau2d@shinystat.com,Genderfluid,213.61.212.101
87,Grethel,Kleinberer,gkleinberer2e@nature.com,Female,100.116.203.225
88,Wells,Drakes,wdrakes2f@aboutads.info,Male,17.57.157.193
89,Vito,Goodee,vgoodee2g@twitter.com,Male,152.6.17.54
90,Fleming,Dolman,fdolman2h@godaddy.com,Male,194.143.154.135
91,Ingra,Keeltagh,ikeeltagh2i@dion.ne.jp,Male,194.127.31.218
92,Elise,Aylward,eaylward2j@jiathis.com,Female,134.10.89.163
93,Thacher,Heugle,theugle2k@vkontakte.ru,Male,83.96.200.79
94,Moise,Cardenosa,mcardenosa2l@blinklist.com,Male,112.54.144.97
95,Halie,Pirson,hpirson2m@chicagotribune.com,Female,129.23.81.48
96,Spense,Hubbucke,shubbucke2n@furl.net,Male,18.192.92.245
97,Ann,Koppelmann,akoppelmann2o@nps.gov,Female,52.102.217.224
98,Mavra,Notti,mnotti2p@delicious.com,Female,99.120.121.176
99,Bobbie,Duthie,bduthie2q@usa.gov,Female,1.94.117.235
100,Jenine,Shewery,jshewery2r@aol.com,Female,28.16.218.73
101,Demetre,Cockson,dcockson2s@statcounter.com,Male,131.95.75.164
102,Jemima,Disley,jdisley2t@diigo.com,Female,103.18.118.197
103,Franny,MacConnell,fmacconnell2u@newsvine.com,Male,173.140.0.12
104,Abba,Galbraith,agalbraith2v@businesswire.com,Male,207.245.180.153
105,Brigida,Tapner,btapner2w@jugem.jp,Genderqueer,73.233.113.62
106,Malinda,Kulicke,mkulicke2x@ox.ac.uk,Female,110.54.31.112
107,Cheston,Huckfield,chuckfield2y@geocities.jp,Genderfluid,143.108.55.154
108,Gavin,Rumke,grumke2z@creativecommons.org,Male,26.182.142.223
109,Fernando,Curtain,fcurtain30@loc.gov,Male,28.27.212.72
110,Stephie,Solman,ssolman31@chronoengine.com,Female,28.87.131.175
111,Zuzana,Grioli,zgrioli32@toplist.cz,Female,39.137.107.215
112,Patience,Feehily,pfeehily33@discuz.net,Female,199.170.231.201
113,Cacilie,Wesley,cwesley34@dion.ne.jp,Female,160.229.148.154
114,Estele,Gradley,egradley35@cam.ac.uk,Female,158.228.27.56
115,Archie,Goose,agoose36@addthis.com,Male,51.77.47.80
116,Pryce,Flores,pflores37@prweb.com,Male,152.242.43.151
117,Garrick,Layburn,glayburn38@hibu.com,Male,13.191.138.250
118,Vivianna,Hindmoor,vhindmoor39@vinaora.com,Female,53.36.42.247
119,Felice,Greaves,fgreaves3a@chicagotribune.com,Female,97.149.192.191
120,Wylma,Swinyard,wswinyard3b@issuu.com,Female,201.78.34.104
121,Margarete,Iannelli,miannelli3c@ameblo.jp,Female,61.127.19.235
122,Jeane,Cary,jcary3d@washington.edu,Female,190.246.132.232
123,Addi,Roizin,aroizin3e@usatoday.com,Female,165.137.178.100
124,Allard,Demko,ademko3f@gov.uk,Male,148.107.61.175
125,Fawne,Hellings,fhellings3g@weibo.com,Female,138.146.83.159
126,Maudie,Kollatsch,mkollatsch3h@com.com,Female,193.243.203.223
127,Iain,Bartoshevich,ibartoshevich3i@hao123.com,Male,8.153.207.170
128,Basilius,Southernwood,bsouthernwood3j@moonfruit.com,Male,230.4.80.181
129,Nydia,Stairmand,nstairmand3k@columbia.edu,Female,124.68.48.195
130,Marnia,Hathway,mhathway3l@squidoo.com,Female,49.15.19.128
131,Cyb,Hedlestone,chedlestone3m@freewebs.com,Female,99.219.251.4
132,Sloan,Stollen,sstollen3n@jigsy.com,Male,35.9.98.156
133,Sammie,Tolliday,stolliday3o@biglobe.ne.jp,Male,71.237.130.23
134,Royal,Arkill,rarkill3p@cbsnews.com,Male,227.227.176.161
135,Florenza,Barras,fbarras3q@vk.com,Genderqueer,154.57.7.241
136,Michelle,Whettleton,mwhettleton3r@unc.edu,Non-binary,226.194.149.252
137,Winonah,Rochford,wrochford3s@privacy.gov.au,Genderqueer,170.34.106.177
138,Harald,Kleinmann,hkleinmann3t@mail.ru,Male,195.118.138.77
139,Chiarra,Kitchener,ckitchener3u@infoseek.co.jp,Female,165.109.16.188
140,Jefferson,Rippin,jrippin3v@goo.ne.jp,Genderfluid,177.148.164.215
141,Vere,Presswell,vpresswell3w@last.fm,Female,247.195.144.200
142,Pinchas,Devorill,pdevorill3x@wikispaces.com,Male,218.246.232.74
143,Travers,Jefferd,tjefferd3y@sciencedirect.com,Male,121.63.29.125
144,Xenos,Caghan,xcaghan3z@mediafire.com,Male,134.253.1.173
145,Cristina,McMurraya,cmcmurraya40@usgs.gov,Female,64.66.59.239
146,Dexter,Mitchener,dmitchener41@jiathis.com,Male,46.8.154.218
147,Marion,Falvey,mfalvey42@nature.com,Female,14.248.22.83
148,Sigismond,Weightman,sweightman43@cyberchimps.com,Male,22.215.176.80
149,Maurise,McLemon,mmclemon44@ftc.gov,Male,90.164.175.114
150,Loise,Hospital,lhospital45@uol.com.br,Female,137.127.66.99
151,Barri,Sneddon,bsneddon46@mozilla.com,Male,18.141.75.127
152,Molly,Mamwell,mmamwell47@usatoday.com,Female,237.201.74.242
153,Pansie,Dearnly,pdearnly48@cnet.com,Female,160.157.18.69
154,Florance,Bettis,fbettis49@virginia.edu,Female,52.208.214.52
155,Sergeant,Scutt,sscutt4a@twitter.com,Male,101.13.166.176
156,Bar,Creddon,bcreddon4b@usatoday.com,Genderfluid,37.161.121.131
157,Katya,Landon,klandon4c@simplemachines.org,Female,181.162.58.231
158,Cristy,McGow,cmcgow4d@google.pl,Female,21.178.52.224
159,Linc,McCunn,lmccunn4e@clickbank.net,Male,46.226.46.132
160,Dahlia,Lasslett,dlasslett4f@altervista.org,Agender,80.21.228.126
161,Brennen,Stopforth,bstopforth4g@artisteer.com,Male,92.180.47.221
162,Eberto,Smalls,esmalls4h@photobucket.com,Male,31.129.64.172
163,Felizio,Goldring,fgoldring4i@google.co.uk,Male,98.89.6.248
164,Kris,Paule,kpaule4j@cnet.com,Male,130.254.97.253
165,Gui,Moxsom,gmoxsom4k@yahoo.com,Female,143.208.236.115
166,Paige,Lade,plade4l@furl.net,Female,151.5.77.220
167,May,Footitt,mfootitt4m@discovery.com,Female,137.184.80.80
168,Glenine,Zanettini,gzanettini4n@buzzfeed.com,Female,188.110.5.182
169,Dory,Lanchbery,dlanchbery4o@hexun.com,Male,34.22.123.15
170,Dusty,Waller-Bridge,dwallerbridge4p@arstechnica.com,Female,246.147.77.23
171,Jerrie,Dudden,jdudden4q@angelfire.com,Male,44.20.240.208
172,Aindrea,Thoma,athoma4r@xing.com,Female,120.192.244.90
173,Ted,Doy,tdoy4s@cnet.com,Female,112.178.87.129
174,Ealasaid,Antuoni,eantuoni4t@wp.com,Female,168.104.2.65
175,Edythe,Angelo,eangelo4u@patch.com,Female,243.191.33.60
176,Desiree,Mayall,dmayall4v@flavors.me,Agender,155.214.61.202
177,Hyacinthie,Gorini,hgorini4w@cbc.ca,Female,165.146.113.11
178,Billye,Sloss,bsloss4x@posterous.com,Female,41.78.192.50
179,Gaultiero,Plumptre,gplumptre4y@symantec.com,Male,151.100.13.172
180,Cleveland,Biggerstaff,cbiggerstaff4z@bbb.org,Male,170.169.83.127
181,Pincus,Sakins,psakins50@geocities.com,Male,237.130.151.104
182,Sebastiano,Rubinek,srubinek51@google.ru,Polygender,165.236.135.193
183,Vale,Lambden,vlambden52@over-blog.com,Male,148.214.93.128
184,Mathew,Speek,mspeek53@buzzfeed.com,Male,232.165.155.53
185,Duffie,Kagan,dkagan54@usda.gov,Male,121.107.56.8
186,Adore,Roiz,aroiz55@lycos.com,Female,125.125.2.64
187,Agna,Woofinden,awoofinden56@last.fm,Female,228.107.247.233
188,Millisent,Borgars,mborgars57@vk.com,Female,251.58.163.43
189,Marchelle,MacNulty,mmacnulty58@fotki.com,Female,50.37.53.101
190,Wallache,Warters,wwarters59@devhub.com,Male,138.163.218.104
191,Arlina,Luna,aluna5a@marriott.com,Female,107.147.23.153
192,Gaultiero,Valder,gvalder5b@domainmarket.com,Male,148.48.46.50
193,Emmalynn,Leedes,eleedes5c@mozilla.com,Female,107.89.18.160
194,Adelbert,Godber,agodber5d@51.la,Male,65.114.221.150
195,Cyndy,Walkling,cwalkling5e@163.com,Female,79.130.73.138
196,Helaina,Gong,hgong5f@omniture.com,Female,194.62.49.9
197,Abbie,Potticary,apotticary5g@ovh.net,Polygender,205.31.66.254
198,Justen,Nestle,jnestle5h@omniture.com,Male,180.255.175.233
199,Lewes,Noblett,lnoblett5i@smugmug.com,Male,125.5.92.62
200,Kat,Fenby,kfenby5j@newyorker.com,Female,11.42.28.187
201,Marcia,Hovie,mhovie5k@nydailynews.com,Female,228.239.48.255
202,Genni,Angus,gangus5l@weebly.com,Female,118.169.89.57
203,Fairlie,Ivett,fivett5m@ca.gov,Male,64.18.229.90
204,Brook,Luther,bluther5n@bandcamp.com,Female,244.155.123.172
205,Gabbie,Brockie,gbrockie5o@bbc.co.uk,Agender,123.135.189.51
206,Wright,Beaushaw,wbeaushaw5p@behance.net,Male,139.224.85.60
207,Koenraad,Langsdon,klangsdon5q@ox.ac.uk,Male,97.115.220.100
208,Lena,Grishechkin,lgrishechkin5r@twitpic.com,Female,26.101.188.152
209,Milicent,Zanussii,mzanussii5s@about.com,Female,82.13.229.19
210,Cher,Bolam,cbolam5t@bloglines.com,Female,42.170.66.246
211,Sally,Kristufek,skristufek5u@canalblog.com,Female,71.84.98.54
212,Matteo,Branford,mbranford5v@google.co.uk,Male,205.197.243.249
213,Lorry,Hasling,lhasling5w@samsung.com,Genderfluid,16.27.89.108
214,Evelina,Faithfull,efaithfull5x@typepad.com,Female,80.174.86.219
215,Guthrie,Galsworthy,ggalsworthy5y@purevolume.com,Genderqueer,248.151.217.112
216,Bank,Duxbury,bduxbury5z@typepad.com,Male,111.215.92.203
217,Dallon,Devoy,ddevoy60@ning.com,Male,84.136.22.83
218,Nikki,Lamzed,nlamzed61@mapquest.com,Male,200.238.198.84
219,Berni,Morrill,bmorrill62@unblog.fr,Female,84.140.128.89
220,Alida,Wyld,awyld63@redcross.org,Agender,232.83.221.228
221,Crystal,Tidcomb,ctidcomb64@rediff.com,Female,67.110.137.3
222,Damon,Bluck,dbluck65@shop-pro.jp,Male,164.202.176.225
223,Daffi,Mcwhinney,dmcwhinney66@odnoklassniki.ru,Female,184.10.2.187
224,Jarrett,M'Chirrie,jmchirrie67@latimes.com,Male,226.241.46.147
225,Gonzales,Southcombe,gsouthcombe68@ameblo.jp,Male,84.134.69.206
226,Evelyn,Vallow,evallow69@dmoz.org,Male,16.136.7.174
227,Stavro,Barribal,sbarribal6a@artisteer.com,Male,178.224.105.25
228,Graeme,Le Sarr,glesarr6b@google.de,Male,180.57.231.231
229,Fara,McBeath,fmcbeath6c@whitehouse.gov,Female,133.45.126.152
230,Isabeau,Conradie,iconradie6d@geocities.com,Female,152.162.194.180
231,Gilberto,Fluin,gfluin6e@ezinearticles.com,Male,76.73.194.167
232,Matthieu,Colenutt,mcolenutt6f@shop-pro.jp,Male,98.201.255.230
233,Olin,Fortoun,ofortoun6g@creativecommons.org,Male,244.57.159.247
234,Ari,Blance,ablance6h@berkeley.edu,Male,62.81.9.51
235,Aurore,Barcke,abarcke6i@prnewswire.com,Female,79.175.0.63
236,Cirilo,Dyshart,cdyshart6j@symantec.com,Male,222.76.112.33
237,Port,De Vaan,pdevaan6k@google.it,Male,108.14.67.194
238,Bernadene,Ekins,bekins6l@bloomberg.com,Female,93.43.92.118
239,Yurik,Treeby,ytreeby6m@oaic.gov.au,Male,210.42.192.41
240,Simone,Willerton,swillerton6n@reddit.com,Male,132.208.240.171
241,Davon,Barbier,dbarbier6o@flavors.me,Male,112.41.7.249
242,Kerstin,Kittley,kkittley6p@e-recht24.de,Female,141.34.58.67
243,Illa,Pea,ipea6q@shareasale.com,Bigender,80.158.192.130
244,Johnette,Grayham,jgrayham6r@stanford.edu,Female,77.75.70.219
245,Vivie,Fishlee,vfishlee6s@google.pl,Female,90.169.190.246
246,Corney,Rockcliffe,crockcliffe6t@webeden.co.uk,Male,71.30.237.140
247,Rozele,Medlen,rmedlen6u@nifty.com,Female,142.123.181.54
248,Nicole,Pauluzzi,npauluzzi6v@friendfeed.com,Female,178.231.21.29
249,Ethelda,Symcox,esymcox6w@networkadvertising.org,Genderqueer,122.191.44.247
250,Alice,Egdale,aegdale6x@mozilla.com,Female,201.19.92.36
251,Claire,Ferrara,cferrara6y@skyrock.com,Agender,89.170.174.4
252,Cris,Titford,ctitford6z@google.pl,Male,122.201.239.123
253,Kenna,Saddington,ksaddington70@yahoo.com,Female,43.0.81.136
254,Simon,Wooton,swooton71@msu.edu,Male,242.190.61.92
255,Gypsy,Leader,gleader72@over-blog.com,Female,143.123.130.19
256,Martina,Cliss,mcliss73@furl.net,Female,157.24.78.250
257,Mallory,Gillman,mgillman74@sourceforge.net,Female,9.86.87.221
258,Garnet,Cammomile,gcammomile75@auda.org.au,Non-binary,10.61.252.85
259,Alanna,Reddish,areddish76@nature.com,Female,233.202.53.219
260,Jocelyn,Ambroise,jambroise77@ihg.com,Female,90.205.61.84
261,Findlay,Brandes,fbrandes78@tumblr.com,Male,117.213.244.117
262,Holly-anne,Carsey,hcarsey79@time.com,Female,62.7.20.140
263,Valry,Krier,vkrier7a@gizmodo.com,Female,38.7.78.4
264,Zeb,Gibson,zgibson7b@delicious.com,Male,89.4.35.92
265,Issiah,Poskitt,iposkitt7c@ustream.tv,Male,168.188.124.82
266,Whit,Tavinor,wtavinor7d@wunderground.com,Male,244.13.101.37
267,Gregorius,Fiander,gfiander7e@hugedomains.com,Male,130.72.152.77
268,Chandler,Chifney,cchifney7f@go.com,Male,183.215.145.223
269,Darren,Dragon,ddragon7g@tumblr.com,Male,128.86.243.97
270,Franny,Nisot,fnisot7h@sphinn.com,Female,139.218.225.129
271,Dore,Feldbaum,dfeldbaum7i@multiply.com,Male,174.47.193.210
272,Jehu,Davydkov,jdavydkov7j@e-recht24.de,Male,254.39.144.0
273,Ferdinand,Girardez,fgirardez7k@nytimes.com,Male,56.167.135.62
274,Eamon,Roberto,eroberto7l@php.net,Male,149.74.233.127
275,Guendolen,Adamovitch,gadamovitch7m@blogs.com,Female,244.32.66.211
276,Lorain,Stendell,lstendell7n@oracle.com,Female,69.18.25.195
277,Augie,Gravenor,agravenor7o@flickr.com,Male,182.135.195.195
278,Virgilio,Ickowics,vickowics7p@bloglines.com,Male,19.251.22.68
279,Lindi,Van Eeden,lvaneeden7q@skyrock.com,Female,240.219.250.247
280,Lidia,Moss,lmoss7r@tamu.edu,Female,9.110.28.30
281,Beck,Mountlow,bmountlow7s@slate.com,Male,130.111.217.226
282,Nanny,McKellar,nmckellar7t@arizona.edu,Non-binary,189.103.73.87
283,Nessa,Toothill,ntoothill7u@wired.com,Female,30.124.176.222
284,Elissa,Battisson,ebattisson7v@bizjournals.com,Polygender,46.112.116.239
285,Augustus,Sellman,asellman7w@army.mil,Male,208.117.40.2
286,Lucila,Holdren,lholdren7x@kickstarter.com,Genderqueer,102.142.182.232
287,Forster,Flintoffe,fflintoffe7y@nps.gov,Genderfluid,254.172.121.142
288,Sholom,Pumfrett,spumfrett7z@trellian.com,Male,231.156.112.235
289,Danni,Konert,dkonert80@lulu.com,Female,166.220.248.59
290,Norene,Liston,nliston81@w3.org,Female,137.71.98.113
291,Valerie,Yushin,vyushin82@blinklist.com,Female,73.83.5.164
292,Wilone,Ajam,wajam83@ftc.gov,Female,192.236.97.88
293,Bing,Wilkowski,bwilkowski84@intel.com,Male,149.222.52.198
294,Pierce,Condie,pcondie85@deviantart.com,Male,226.24.46.174
295,Terri,Stidson,tstidson86@sakura.ne.jp,Male,236.154.79.198
296,Orbadiah,Royl,oroyl87@phpbb.com,Male,115.161.49.32
297,Lamar,Kellert,lkellert88@engadget.com,Male,33.105.35.60
298,Stace,McCorry,smccorry89@blinklist.com,Female,76.8.148.16
299,Reece,Reven,rreven8a@who.int,Male,38.184.37.98
300,Bartholomew,Slucock,bslucock8b@samsung.com,Male,239.90.176.135
301,Laural,Lingfoot,llingfoot8c@hp.com,Female,90.32.249.114
302,Lenore,O'Dennehy,lodennehy8d@sphinn.com,Female,23.220.64.42
303,Beltran,Broseman,bbroseman8e@infoseek.co.jp,Male,159.149.92.158
304,Sal,Baford,sbaford8f@ehow.com,Female,244.233.217.196
305,Bertram,Peggram,bpeggram8g@prweb.com,Male,91.28.144.244
306,Randolf,Bartosiak,rbartosiak8h@state.tx.us,Male,235.73.158.128
307,Liam,McDonand,lmcdonand8i@theglobeandmail.com,Male,100.72.193.178
308,Charline,Furzer,cfurzer8j@infoseek.co.jp,Female,213.123.251.25
309,Filip,Gerber,fgerber8k@goodreads.com,Male,203.87.186.128
310,Renelle,Hutt,rhutt8l@wufoo.com,Female,60.66.115.209
311,Jillene,Bilfoot,jbilfoot8m@microsoft.com,Female,167.56.32.156
312,Derby,Rangeley,drangeley8n@webnode.com,Male,60.10.13.245
313,Morlee,McRitchie,mmcritchie8o@mac.com,Male,140.154.200.147
314,Tracee,McDowall,tmcdowall8p@latimes.com,Female,173.10.53.181
315,Malissia,Dallender,mdallender8q@answers.com,Female,53.118.200.113
316,Birgitta,Martell,bmartell8r@arstechnica.com,Female,111.178.1.238
317,Page,Kenright,pkenright8s@tiny.cc,Female,251.29.194.217
318,Toni,Whisker,twhisker8t@chicagotribune.com,Female,184.50.106.55
319,Benita,Orpwood,borpwood8u@weebly.com,Female,194.6.188.199
320,Consuela,Tibbles,ctibbles8v@aboutads.info,Female,194.59.201.2
321,Hartwell,Wessel,hwessel8w@phoca.cz,Male,251.52.206.203
322,Georgianna,Hake,ghake8x@xing.com,Female,249.222.153.206
323,Doy,Brimmacombe,dbrimmacombe8y@altervista.org,Male,49.82.13.135
324,Timothea,Saunder,tsaunder8z@fc2.com,Female,156.124.206.232
325,Idaline,Lamblin,ilamblin90@umn.edu,Female,194.70.59.248
326,Sanderson,Diano,sdiano91@dmoz.org,Male,171.63.88.226
327,Denver,Thieme,dthieme92@foxnews.com,Male,190.38.213.250
328,Rosetta,Rignoldes,rrignoldes93@cbc.ca,Female,36.8.27.102
329,Henriette,Retchless,hretchless94@ucla.edu,Genderqueer,190.235.43.13
330,Mahmud,Cullerne,mcullerne95@deviantart.com,Male,191.184.104.226
331,Mervin,Cabotto,mcabotto96@yellowpages.com,Male,207.86.121.27
332,Augy,Umfrey,aumfrey97@examiner.com,Male,18.10.161.60
333,Alfi,Gribble,agribble98@e-recht24.de,Female,109.0.220.161
334,Hinda,Padrick,hpadrick99@answers.com,Female,237.117.235.123
335,Banky,Stranaghan,bstranaghan9a@bizjournals.com,Male,189.81.109.178
336,Norbie,Riedel,nriedel9b@flavors.me,Male,86.211.64.132
337,Willey,McGonigle,wmcgonigle9c@globo.com,Male,148.107.179.63
338,Samuele,Honisch,shonisch9d@chicagotribune.com,Male,91.134.31.47
339,Pacorro,Isabell,pisabell9e@themeforest.net,Male,72.173.46.221
340,Vivien,Lunnon,vlunnon9f@geocities.com,Female,246.177.51.67
341,Burk,Colville,bcolville9g@indiegogo.com,Male,220.225.18.39
342,Neddie,Caldecutt,ncaldecutt9h@twitter.com,Male,106.117.164.46
343,Charley,Cunde,ccunde9i@delicious.com,Male,41.33.120.255
344,Lacee,Hachard,lhachard9j@usda.gov,Female,22.131.116.137
345,Korry,Ludford,kludford9k@hostgator.com,Female,205.97.62.15
346,Addison,Valek,avalek9l@hao123.com,Male,168.168.98.47
347,Constanta,Brosio,cbrosio9m@sfgate.com,Female,21.253.116.142
348,Pennie,Dewey,pdewey9n@reverbnation.com,Genderfluid,87.133.103.171
349,Tyrone,Savege,tsavege9o@networksolutions.com,Male,188.150.181.30
350,Rebeka,Gasson,rgasson9p@list-manage.com,Female,18.206.135.32
351,Jayme,Vedikhov,jvedikhov9q@topsy.com,Male,254.118.253.245
352,Barthel,California,bcalifornia9r@artisteer.com,Male,229.186.47.250
353,Marie-ann,Gwin,mgwin9s@archive.org,Female,175.235.197.38
354,Cyrille,Chidzoy,cchidzoy9t@blog.com,Male,38.191.216.216
355,Mellisent,Stead,mstead9u@indiegogo.com,Female,235.194.29.92
356,Jehanna,Guillot,jguillot9v@ycombinator.com,Female,65.204.11.32
357,Amabelle,Gauthorpp,agauthorpp9w@columbia.edu,Female,35.98.81.97
358,Umeko,Leyninye,uleyninye9x@wufoo.com,Non-binary,96.212.188.202
359,Davita,Admans,dadmans9y@spotify.com,Non-binary,26.207.225.62
360,Imogene,Petters,ipetters9z@mapy.cz,Female,109.29.47.36
361,Ashlan,De Michele,ademichelea0@skyrock.com,Female,45.251.14.8
362,Mellisa,Cubbit,mcubbita1@wp.com,Female,74.161.135.204
363,Rubie,Hoy,rhoya2@youtube.com,Female,213.79.205.201
364,Dulcine,Whiskerd,dwhiskerda3@amazon.co.uk,Female,232.10.66.66
365,Hamil,Grimsley,hgrimsleya4@discovery.com,Male,78.220.204.64
366,Tadd,Haskins,thaskinsa5@so-net.ne.jp,Male,21.31.146.30
367,Marian,Ethington,methingtona6@prweb.com,Female,141.35.40.170
368,Marion,Peter,mpetera7@uol.com.br,Female,21.106.140.88
369,Annalise,Patterson,apattersona8@yale.edu,Female,116.117.114.111
370,Meridel,Whodcoat,mwhodcoata9@artisteer.com,Female,140.206.248.94
371,Robb,Mollatt,rmollattaa@comsenz.com,Male,42.6.168.205
372,Olin,Castel,ocastelab@mac.com,Male,230.48.228.99
373,Rochella,Delafoy,rdelafoyac@psu.edu,Female,77.37.194.95
374,Charlotte,Birckmann,cbirckmannad@ed.gov,Female,125.11.8.62
375,Perice,Watson-Brown,pwatsonbrownae@ehow.com,Male,63.168.63.190
376,Magdalene,Punch,mpunchaf@sogou.com,Female,105.36.249.172
377,Alasteir,Dankersley,adankersleyag@umich.edu,Male,88.92.190.234
378,Dannel,Lewinton,dlewintonah@goo.ne.jp,Male,113.101.126.93
379,Portie,Hanfrey,phanfreyai@nps.gov,Male,49.238.111.235
380,Lorne,Clampin,lclampinaj@columbia.edu,Female,252.6.29.223
381,Roland,Templman,rtemplmanak@infoseek.co.jp,Male,103.190.204.22
382,Cyndy,Bacchus,cbacchusal@jigsy.com,Female,223.86.81.230
383,Eberto,Caveau,ecaveauam@independent.co.uk,Male,249.54.58.47
384,Rahal,Hansen,rhansenan@businesswire.com,Female,188.216.55.209
385,Rem,Abbe,rabbeao@nymag.com,Male,1.24.90.139
386,Goldina,McMenamie,gmcmenamieap@privacy.gov.au,Female,32.42.101.178
387,Reginald,Castaneda,rcastanedaaq@virginia.edu,Male,56.177.222.78
388,Allie,Stelle,astellear@topsy.com,Female,234.123.62.200
389,Simona,Brunelleschi,sbrunelleschias@homestead.com,Female,179.17.117.121
390,Kati,Wardlow,kwardlowat@economist.com,Female,96.115.118.87
391,Mady,Ferrao,mferraoau@sourceforge.net,Female,143.43.153.96
392,Costa,Linfoot,clinfootav@hao123.com,Non-binary,97.11.116.78
393,Konrad,O'Shavlan,koshavlanaw@imageshack.us,Male,178.71.67.79
394,Colver,Imbrey,cimbreyax@cdbaby.com,Male,236.98.60.43
395,Boot,Parmer,bparmeray@prnewswire.com,Male,13.100.19.184
396,Jecho,Rossi,jrossiaz@altervista.org,Male,145.215.176.220
397,Brenna,Sacaze,bsacazeb0@tmall.com,Female,208.228.111.123
398,Bondy,Baldacchi,bbaldacchib1@oaic.gov.au,Male,14.51.214.41
399,Luce,Pearsall,lpearsallb2@berkeley.edu,Male,90.66.179.135
400,Bonnee,Menlove,bmenloveb3@lulu.com,Female,28.82.15.253
401,Renaud,Ranking,rrankingb4@ftc.gov,Agender,124.123.186.65
402,Eimile,Loidl,eloidlb5@yale.edu,Agender,238.91.80.229
403,Guss,Carthy,gcarthyb6@illinois.edu,Male,78.214.21.99
404,Ethe,Lindner,elindnerb7@rediff.com,Non-binary,155.129.183.244
405,Bondie,Powers,bpowersb8@photobucket.com,Male,70.137.146.125
406,Nikos,Medlen,nmedlenb9@squidoo.com,Male,190.15.65.53
407,Norby,Hindenberger,nhindenbergerba@gmpg.org,Male,213.76.61.102
408,Coral,Capelin,ccapelinbb@example.com,Female,18.218.58.164
409,Lianne,Daborn,ldabornbc@accuweather.com,Female,213.135.171.17
410,Aland,Spiniello,aspiniellobd@de.vu,Male,203.150.192.150
411,Meaghan,Harbottle,mharbottlebe@state.gov,Female,45.19.191.27
412,Salmon,Skull,sskullbf@kickstarter.com,Male,249.191.74.106
413,Dorothee,Craney,dcraneybg@forbes.com,Female,156.191.113.53
414,Georg,Gurnett,ggurnettbh@tinyurl.com,Male,128.183.70.99
415,Othilia,Constanza,oconstanzabi@paginegialle.it,Female,163.125.98.144
416,Micah,Danbrook,mdanbrookbj@va.gov,Male,193.205.11.138
417,Emmye,Hurdis,ehurdisbk@flavors.me,Female,237.209.179.82
418,Dew,Dikle,ddiklebl@cdbaby.com,Male,126.199.128.112
419,Chariot,Cleever,ccleeverbm@wiley.com,Male,180.236.173.54
420,Augusto,Prest,aprestbn@noaa.gov,Male,229.113.180.196
421,Shelagh,Volant,svolantbo@baidu.com,Female,58.81.132.231
422,Ban,Euels,beuelsbp@yelp.com,Male,203.255.25.24
423,Haleigh,Hanvey,hhanveybq@simplemachines.org,Genderqueer,115.211.154.57
424,Quintus,Mouatt,qmouattbr@nationalgeographic.com,Male,121.151.246.206
425,Tyrus,Shand,tshandbs@prlog.org,Genderfluid,128.84.134.120
426,Heriberto,Annice,hannicebt@github.io,Male,35.141.97.232
427,Carmella,Ridett,cridettbu@jimdo.com,Female,136.246.204.212
428,Nickolai,Crombie,ncrombiebv@mozilla.org,Male,91.198.5.172
429,Tedmund,Glawsop,tglawsopbw@booking.com,Male,196.60.165.252
430,Uriah,Woolen,uwoolenbx@i2i.jp,Male,238.190.204.61
431,Bethanne,Pettie,bpettieby@earthlink.net,Female,83.1.190.200
432,Ginnifer,Worts,gwortsbz@google.de,Female,240.116.79.74
433,Reginald,Killingbeck,rkillingbeckc0@facebook.com,Male,96.212.113.239
434,Missie,Enever,meneverc1@last.fm,Female,75.117.186.137
435,Taryn,Colwill,tcolwillc2@vk.com,Agender,11.57.106.42
436,Kerri,Woolger,kwoolgerc3@over-blog.com,Female,49.20.136.39
437,Tammara,Pollack,tpollackc4@123-reg.co.uk,Female,188.133.131.242
438,Dmitri,Heynel,dheynelc5@xinhuanet.com,Male,55.140.80.228
439,Tommy,Fiddeman,tfiddemanc6@elegantthemes.com,Female,195.37.124.71
440,Kylynn,Redit,kreditc7@state.gov,Female,206.142.127.64
441,Dollie,Dakhno,ddakhnoc8@google.de,Female,128.254.143.126
442,Melinda,Ollerearnshaw,mollerearnshawc9@spiegel.de,Non-binary,243.171.27.155
443,Carl,Guyot,cguyotca@marketwatch.com,Male,3.89.98.188
444,Patric,holmes,pholmescb@issuu.com,Non-binary,129.218.79.194
445,Austin,Turmell,aturmellcc@hatena.ne.jp,Polygender,32.163.202.23
446,Wren,Teas,wteascd@google.com,Female,59.244.151.160
447,Lucille,Rolley,lrolleyce@purevolume.com,Female,111.184.76.34
448,Royal,Hiom,rhiomcf@example.com,Male,0.248.62.193
449,Siouxie,Kyllford,skyllfordcg@google.co.uk,Genderfluid,157.33.55.214
450,Eddi,Bassingden,ebassingdench@unicef.org,Female,48.89.163.48
451,Daisi,Cussen,dcussenci@123-reg.co.uk,Female,238.136.165.64
452,Stesha,Tropman,stropmancj@hc360.com,Female,70.139.21.240
453,Quintus,Gallager,qgallagerck@yandex.ru,Non-binary,106.219.121.248
454,Julio,Matijevic,jmatijeviccl@google.fr,Male,227.72.44.148
455,Omero,Moran,omorancm@instagram.com,Male,60.64.93.233
456,Jaquelyn,Gieraths,jgierathscn@paginegialle.it,Female,65.17.63.58
457,Jacinda,Robbel,jrobbelco@is.gd,Agender,241.242.202.39
458,Tabby,Salt,tsaltcp@xinhuanet.com,Male,246.176.61.46
459,Winnie,Hurlston,whurlstoncq@photobucket.com,Male,112.112.165.103
460,Di,Avraham,davrahamcr@google.cn,Female,49.128.51.117
461,Lonna,Sindall,lsindallcs@macromedia.com,Female,68.43.107.182
462,Northrop,Else,nelsect@marketwatch.com,Male,45.179.190.107
463,Jud,Usher,jushercu@yellowbook.com,Male,100.196.3.239
464,Percival,Shreenan,pshreenancv@facebook.com,Male,207.189.252.140
465,Aubrey,Skipping,askippingcw@nba.com,Male,250.51.189.5
466,Noble,Merrall,nmerrallcx@netvibes.com,Male,121.23.157.234
467,Debi,Cantwell,dcantwellcy@360.cn,Female,172.167.160.188
468,Celia,Stearndale,cstearndalecz@i2i.jp,Female,106.149.51.191
469,Auria,Readshaw,areadshawd0@google.it,Female,154.230.189.237
470,Justine,Empleton,jempletond1@ucoz.com,Female,224.223.22.67
471,Ricca,Balding,rbaldingd2@si.edu,Female,158.213.6.166
472,Justen,Docker,jdockerd3@dot.gov,Male,249.235.79.198
473,Petrina,Duckers,pduckersd4@blogger.com,Female,159.238.160.151
474,Zondra,McCutcheon,zmccutcheond5@angelfire.com,Female,7.159.44.212
475,Howey,Gwinnel,hgwinneld6@biblegateway.com,Male,97.145.109.36
476,Kaycee,Marlor,kmarlord7@naver.com,Female,112.34.188.120
477,Ava,Yell,ayelld8@hud.gov,Female,44.195.231.62
478,Tommie,Launder,tlaunderd9@mail.ru,Male,61.245.170.45
479,Muire,Carmichael,mcarmichaelda@illinois.edu,Female,10.169.177.115
480,Jeromy,Dibdale,jdibdaledb@census.gov,Male,118.246.159.45
481,Riley,Leacy,rleacydc@state.tx.us,Male,76.229.191.32
482,Cliff,Ecclestone,cecclestonedd@cafepress.com,Male,19.209.8.64
483,Arden,Loveard,aloveardde@cam.ac.uk,Female,129.200.172.167
484,Nissie,Goodnow,ngoodnowdf@last.fm,Female,214.164.245.97
485,Ermin,Mordey,emordeydg@yellowpages.com,Male,73.213.125.139
486,Penelopa,Chainey,pchaineydh@nps.gov,Female,136.89.21.147
487,Denis,Kemwall,dkemwalldi@artisteer.com,Male,92.223.50.208
488,Carter,Nornable,cnornabledj@rediff.com,Male,252.156.25.138
489,Worthy,Rounsefell,wrounsefelldk@netlog.com,Male,157.113.25.245
490,Sharai,Sinnott,ssinnottdl@merriam-webster.com,Non-binary,145.38.104.107
491,Pris,Norsworthy,pnorsworthydm@infoseek.co.jp,Bigender,39.238.98.242
492,Tildi,Soulsby,tsoulsbydn@springer.com,Female,49.63.113.3
493,Easter,Skeemor,eskeemordo@bizjournals.com,Female,98.227.228.224
494,Jorry,Hamlin,jhamlindp@sciencedirect.com,Female,178.84.235.224
495,Dov,Sapey,dsapeydq@altervista.org,Male,60.84.136.251
496,Olenolin,Watters,owattersdr@disqus.com,Male,160.194.238.11
497,Art,MacDunleavy,amacdunleavyds@flickr.com,Male,216.110.86.22
498,Colette,McCormack,cmccormackdt@infoseek.co.jp,Female,192.83.255.186
499,Shay,Hosburn,shosburndu@samsung.com,Genderqueer,202.247.90.9
500,Alonso,Usher,ausherdv@prweb.com,Male,223.46.109.35
501,Windy,Trowell,wtrowelldw@newyorker.com,Female,247.20.108.148
502,Yolande,Stihl,ystihldx@eepurl.com,Female,239.117.30.211
503,Gallard,Tinniswood,gtinniswooddy@amazon.co.jp,Male,34.43.136.240
504,Orel,Kehri,okehridz@prlog.org,Female,82.11.200.22
505,Jami,Hinckley,jhinckleye0@fastcompany.com,Female,119.95.164.228
506,Candide,Tollerfield,ctollerfielde1@va.gov,Polygender,202.95.99.83
507,Ealasaid,Glenfield,eglenfielde2@eepurl.com,Female,216.145.132.178
508,Lamond,Memmory,lmemmorye3@berkeley.edu,Non-binary,91.157.178.15
509,Quent,Staten,qstatene4@ed.gov,Male,23.216.212.192
510,Riley,Petyakov,rpetyakove5@mlb.com,Male,255.234.243.8
511,Ives,Fulford,ifulforde6@amazon.co.jp,Male,165.120.21.239
512,Marya,Thomerson,mthomersone7@bizjournals.com,Female,124.238.22.75
513,Rita,Naire,rnairee8@woothemes.com,Female,16.131.96.164
514,Pauli,Concklin,pconckline9@sun.com,Female,140.218.203.143
515,Sonni,Linner,slinnerea@sun.com,Female,59.71.73.253
516,Ceil,Negus,cneguseb@ehow.com,Female,228.136.138.188
517,Amil,Hursthouse,ahursthouseec@google.cn,Female,175.39.173.202
518,Bellina,Seale,bsealeed@hc360.com,Female,166.139.40.2
519,Edmon,Gwalter,egwalteree@census.gov,Male,12.109.25.209
520,Rafe,Revens,rrevensef@soup.io,Male,187.72.174.56
521,Harlan,Labrow,hlabroweg@ihg.com,Male,225.119.226.183
522,Lorens,Dreher,ldrehereh@ed.gov,Male,116.31.239.47
523,Nancy,Attwell,nattwellei@businessinsider.com,Female,224.207.120.1
524,Ingram,Burgher,iburgherej@weather.com,Male,139.156.183.29
525,Meade,Panchen,mpanchenek@about.com,Male,113.166.149.173
526,Woodrow,Drewes,wdrewesel@smh.com.au,Non-binary,32.94.233.65
527,Abraham,Braniff,abraniffem@senate.gov,Male,193.28.204.205
528,Carey,Yarnall,cyarnallen@amazon.de,Female,84.169.202.79
529,Lennard,Stummeyer,lstummeyereo@mediafire.com,Male,83.74.28.104
530,Persis,Bescoby,pbescobyep@constantcontact.com,Female,115.25.83.115
531,Gerhardine,Stallan,gstallaneq@w3.org,Female,166.221.162.192
532,Reggi,Stirrip,rstirriper@dedecms.com,Female,63.247.69.132
533,Sanders,Korb,skorbes@wikipedia.org,Male,23.132.188.224
534,Mabelle,Cuvley,mcuvleyet@google.fr,Female,65.244.1.253
535,Henrieta,Neilson,hneilsoneu@tripod.com,Female,201.35.82.89
536,Bridgette,Mournian,bmournianev@kickstarter.com,Female,70.209.131.213
537,Katharyn,Keming,kkemingew@nydailynews.com,Female,189.120.126.173
538,Timoteo,Liversley,tliversleyex@arstechnica.com,Male,127.234.171.169
539,Lona,Playhill,lplayhilley@shinystat.com,Female,178.197.15.5
540,Cully,Kleinmintz,ckleinmintzez@guardian.co.uk,Male,226.181.39.235
541,Nariko,MacDearmaid,nmacdearmaidf0@census.gov,Female,114.210.141.55
542,Isahella,Hutcheson,ihutchesonf1@netlog.com,Female,30.223.195.3
543,Rene,Klimshuk,rklimshukf2@mtv.com,Male,77.36.13.218
544,Ivory,Cardenosa,icardenosaf3@amazon.co.jp,Female,181.234.236.80
545,Judith,Arnholtz,jarnholtzf4@rambler.ru,Female,171.204.120.252
546,Boot,Tittershill,btittershillf5@reverbnation.com,Male,28.56.44.98
547,Junie,Instock,jinstockf6@bloglines.com,Genderqueer,118.196.92.198
548,Victoria,Biasioni,vbiasionif7@sfgate.com,Female,99.184.9.56
549,Fielding,Peach,fpeachf8@meetup.com,Male,219.215.44.205
550,Graeme,Regardsoe,gregardsoef9@macromedia.com,Male,140.83.19.125
551,Allx,Stoile,astoilefa@gnu.org,Female,18.36.3.69
552,Gerard,Bounds,gboundsfb@so-net.ne.jp,Male,188.217.106.69
553,Delmar,Howling,dhowlingfc@epa.gov,Male,254.88.2.173
554,Dunn,Drinkeld,ddrinkeldfd@java.com,Male,167.213.70.225
555,Sayer,Artrick,sartrickfe@instagram.com,Male,109.101.171.26
556,Faun,Gwillyam,fgwillyamff@github.io,Female,100.2.124.150
557,Desdemona,Jagielski,djagielskifg@skyrock.com,Female,42.215.234.240
558,Salomo,MacComiskey,smaccomiskeyfh@businessweek.com,Male,176.124.115.224
559,Torr,Spires,tspiresfi@wordpress.com,Male,102.89.42.244
560,Gustav,Blyth,gblythfj@feedburner.com,Male,63.61.162.121
561,Torr,Hillatt,thillattfk@paypal.com,Male,105.56.89.45
562,Abby,Petel,apetelfl@behance.net,Female,174.171.178.211
563,Cinnamon,Carradice,ccarradicefm@telegraph.co.uk,Female,242.26.103.135
564,Halette,Josland,hjoslandfn@naver.com,Female,225.68.198.197
565,Rae,Bohin,rbohinfo@biglobe.ne.jp,Female,202.93.185.160
566,Ado,Folder,afolderfp@ning.com,Bigender,66.179.128.111
567,Arthur,McCaskill,amccaskillfq@oracle.com,Male,240.181.115.242
568,Cherri,Kenneway,ckennewayfr@gravatar.com,Female,235.4.180.94
569,Donny,Aggiss,daggissfs@php.net,Male,103.89.44.213
570,Florenza,Caldwell,fcaldwellft@godaddy.com,Female,214.47.63.220
571,Gun,MacCallam,gmaccallamfu@sohu.com,Male,43.24.178.254
572,Forbes,Plaschke,fplaschkefv@cbc.ca,Male,35.73.105.224
573,Brandtr,De Bischof,bdebischoffw@diigo.com,Male,237.242.222.55
574,Kenyon,Cathel,kcathelfx@mail.ru,Male,43.196.94.107
575,Allyson,Gelly,agellyfy@weibo.com,Agender,49.47.235.75
576,Goober,Benyon,gbenyonfz@wikipedia.org,Male,105.55.24.86
577,Vidovik,Josiah,vjosiahg0@nifty.com,Male,38.135.130.213
578,Henrik,Farland,hfarlandg1@twitpic.com,Male,146.17.119.21
579,Hi,Stow,hstowg2@ameblo.jp,Male,32.200.187.25
580,Doralynn,Shorten,dshorteng3@time.com,Female,113.186.56.246
581,Adolphe,Bridgland,abridglandg4@icio.us,Male,51.151.175.16
582,Colas,Jerrolt,cjerroltg5@angelfire.com,Male,43.80.65.155
583,Dorena,Karby,dkarbyg6@unc.edu,Female,47.47.138.182
584,Ethelda,Local,elocalg7@dot.gov,Female,172.32.12.245
585,Winnie,Spriggen,wspriggeng8@tiny.cc,Male,223.128.189.62
586,Fergus,Touhig,ftouhigg9@fotki.com,Genderfluid,178.108.232.219
587,Shelby,Guerri,sguerriga@reuters.com,Non-binary,225.114.138.102
588,Ripley,Wallentin,rwallentingb@europa.eu,Male,183.168.231.93
589,Alvin,Calcut,acalcutgc@myspace.com,Bigender,173.69.22.200
590,Atlante,Whiston,awhistongd@istockphoto.com,Female,253.244.225.5
591,Minne,Dowling,mdowlingge@nydailynews.com,Female,98.73.116.89
592,Annadiana,Bridle,abridlegf@arizona.edu,Female,162.177.191.8
593,Jarrett,Farrance,jfarrancegg@cargocollective.com,Male,21.118.80.83
594,Alister,Headford,aheadfordgh@google.es,Male,160.243.8.217
595,Frasquito,Ygoe,fygoegi@upenn.edu,Male,15.201.235.236
596,Myrle,Hendrick,mhendrickgj@google.com.hk,Non-binary,173.61.68.14
597,Cacilia,Longwood,clongwoodgk@rakuten.co.jp,Female,28.143.173.171
598,Vito,Braim,vbraimgl@wsj.com,Male,198.129.208.224
599,Agna,Kinchlea,akinchleagm@phpbb.com,Female,130.104.185.24
600,Beatrice,Kellick,bkellickgn@google.cn,Female,63.245.81.36
601,Gerrilee,Girodin,ggirodingo@moonfruit.com,Female,108.218.66.225
602,Steffane,Jolly,sjollygp@imageshack.us,Female,181.154.45.242
603,Greer,Van Eeden,gvaneedengq@engadget.com,Agender,174.161.187.135
604,Theo,Skamal,tskamalgr@pagesperso-orange.fr,Male,189.245.201.61
605,Peria,Wildin,pwildings@soundcloud.com,Female,202.149.32.16
606,Nappie,Milsom,nmilsomgt@tmall.com,Male,13.145.164.152
607,Naomi,Buttle,nbuttlegu@constantcontact.com,Female,91.133.32.135
608,Sharleen,Liversley,sliversleygv@moonfruit.com,Female,93.16.201.68
609,Padriac,Geram,pgeramgw@hostgator.com,Male,153.173.225.186
610,Dale,Presnall,dpresnallgx@deviantart.com,Male,55.131.185.214
611,Janenna,Vagg,jvagggy@bluehost.com,Female,239.101.79.36
612,Laina,Ouldcott,louldcottgz@sfgate.com,Female,255.191.60.51
613,Lucky,Ravelus,lravelush0@constantcontact.com,Female,211.84.168.192
614,Bartholomeo,Favel,bfavelh1@goo.gl,Male,228.180.197.6
615,Rianon,Morrant,rmorranth2@altervista.org,Female,191.181.172.94
616,Ambrosius,Epelett,aepeletth3@patch.com,Male,207.77.136.194
617,Forrester,Wroughton,fwroughtonh4@narod.ru,Male,67.42.38.241
618,Eda,Jacob,ejacobh5@fda.gov,Female,58.61.191.117
619,Skyler,Beves,sbevesh6@va.gov,Non-binary,171.249.17.204
620,Doralynn,Roust,drousth7@networksolutions.com,Female,14.4.199.97
621,Elsa,Denziloe,edenziloeh8@utexas.edu,Female,239.181.238.108
622,Loydie,Aldhous,laldhoush9@usgs.gov,Male,77.204.237.76
623,Al,Trudgian,atrudgianha@narod.ru,Male,123.67.153.252
624,Wash,Planque,wplanquehb@squidoo.com,Agender,68.178.8.254
625,Robinson,Hebblethwaite,rhebblethwaitehc@blogtalkradio.com,Male,228.1.221.104
626,Addi,Bolliver,abolliverhd@wsj.com,Female,197.170.102.230
627,Laughton,O'Caine,locainehe@hc360.com,Male,66.156.212.210
628,Vicki,Maccari,vmaccarihf@youtu.be,Female,1.45.137.157
629,Clayborn,Goldhill,cgoldhillhg@ycombinator.com,Male,137.217.147.137
630,Sancho,Nares,snareshh@webnode.com,Male,27.198.237.93
631,Budd,Coop,bcoophi@usgs.gov,Male,113.93.174.132
632,Llywellyn,Osgar,losgarhj@google.ca,Male,145.246.80.45
633,Darrick,Danielsohn,ddanielsohnhk@engadget.com,Male,181.236.94.253
634,Benny,Becerra,bbecerrahl@freewebs.com,Female,182.244.148.13
635,Rodie,Elloway,rellowayhm@stanford.edu,Female,192.92.145.121
636,Hillary,Parkyn,hparkynhn@wix.com,Female,22.225.203.63
637,Donaugh,Carreyette,dcarreyetteho@sina.com.cn,Male,54.212.58.213
638,Paulie,Grinishin,pgrinishinhp@webs.com,Female,137.88.81.1
639,Laurianne,Carrodus,lcarrodushq@fema.gov,Female,1.65.195.113
640,Bernhard,Fust,bfusthr@independent.co.uk,Male,106.153.89.94
641,Osborne,Hurley,ohurleyhs@ocn.ne.jp,Male,85.132.179.136
642,Brandea,Eustis,beustisht@mashable.com,Female,87.146.186.96
643,Bliss,Kennelly,bkennellyhu@desdev.cn,Female,54.145.251.71
644,Morganne,Gallyhaock,mgallyhaockhv@google.com.au,Female,179.53.217.109
645,Aubrette,Surman,asurmanhw@theglobeandmail.com,Female,224.170.1.79
646,Shandra,Risby,srisbyhx@netvibes.com,Female,3.236.16.254
647,Elladine,Lippitt,elippitthy@woothemes.com,Female,101.143.71.203
648,Claudia,Simondson,csimondsonhz@free.fr,Female,94.190.20.81
649,Lisetta,Olivas,lolivasi0@cnn.com,Bigender,149.16.156.124
650,Lamont,McClifferty,lmccliffertyi1@google.co.uk,Male,158.141.151.50
651,Lauren,Govenlock,lgovenlocki2@cpanel.net,Male,231.94.162.151
652,Josie,Cinderey,jcindereyi3@mapquest.com,Bigender,94.7.173.100
653,Vivie,Novotne,vnovotnei4@multiply.com,Female,209.9.51.88
654,Goraud,Callaby,gcallabyi5@shareasale.com,Male,168.172.68.18
655,Lindy,Burnyate,lburnyatei6@mit.edu,Female,95.47.4.49
656,Ofilia,Vannuchi,ovannuchii7@nyu.edu,Female,237.156.166.201
657,Bengt,Yakebowitch,byakebowitchi8@prweb.com,Male,121.116.81.52
658,Marne,Bunkle,mbunklei9@bloglovin.com,Genderfluid,102.208.155.44
659,Ashby,Hallatt,ahallattia@dropbox.com,Male,108.117.130.105
660,Erek,Walentynowicz,ewalentynowiczib@scientificamerican.com,Male,174.254.41.192
661,Merissa,Ethington,methingtonic@craigslist.org,Female,38.200.28.9
662,Shelden,Snailham,ssnailhamid@4shared.com,Male,184.137.148.146
663,Gay,Showen,gshowenie@twitpic.com,Male,155.88.93.235
664,Pammy,Mattisson,pmattissonif@bing.com,Female,44.212.68.228
665,Joyce,Jentin,jjentinig@hexun.com,Female,153.166.91.104
666,Zacherie,Van der Mark,zvandermarkih@google.ru,Male,88.27.8.180
667,Jonell,Rames,jramesii@buzzfeed.com,Female,76.148.137.242
668,Crosby,Fransseni,cfransseniij@businessinsider.com,Male,229.14.59.189
669,Rivi,Tomaszek,rtomaszekik@amazon.co.jp,Female,56.185.233.135
670,Cornell,Littlechild,clittlechildil@google.com.au,Male,114.156.63.185
671,Enriqueta,Edgerly,eedgerlyim@ezinearticles.com,Genderqueer,29.63.202.7
672,Jobye,Tilberry,jtilberryin@naver.com,Female,222.78.218.140
673,Eileen,Staniforth,estaniforthio@odnoklassniki.ru,Female,66.70.190.210
674,Vladamir,Leeming,vleemingip@foxnews.com,Male,63.117.201.48
675,Neda,O'Noulane,nonoulaneiq@jiathis.com,Female,42.238.31.48
676,Whitaker,Regnard,wregnardir@google.fr,Male,246.47.25.91
677,Nikos,Cappell,ncappellis@theatlantic.com,Male,254.191.209.115
678,Patrizio,Giraldo,pgiraldoit@list-manage.com,Male,235.231.89.215
679,Lindsy,Ingre,lingreiu@etsy.com,Female,186.44.213.37
680,Jamaal,Griffith,jgriffithiv@ted.com,Male,194.254.245.58
681,Alfredo,Kempe,akempeiw@wikispaces.com,Male,222.96.99.163
682,Inglebert,Broderick,ibroderickix@last.fm,Male,108.61.128.145
683,Alexa,Smiley,asmileyiy@nationalgeographic.com,Female,77.205.44.121
684,Spence,Harbinson,sharbinsoniz@freewebs.com,Male,190.50.250.161
685,Garrott,Stephen,gstephenj0@mit.edu,Male,119.192.44.92
686,Mikkel,Ewert,mewertj1@artisteer.com,Male,198.48.21.187
687,Liza,Gavey,lgaveyj2@utexas.edu,Female,245.160.147.171
688,Alisa,Kermannes,akermannesj3@facebook.com,Female,233.195.63.30
689,Ulysses,Suggey,usuggeyj4@linkedin.com,Male,51.63.29.19
690,Heida,Aries,hariesj5@deviantart.com,Female,213.14.19.218
691,Robers,Saffe,rsaffej6@trellian.com,Male,20.10.61.1
692,Rabi,Lawly,rlawlyj7@networkadvertising.org,Genderfluid,12.4.172.170
693,Johnny,Denkin,jdenkinj8@ucoz.ru,Genderfluid,213.57.113.50
694,Ermentrude,Tineman,etinemanj9@over-blog.com,Female,57.51.1.195
695,Wesley,Blunsen,wblunsenja@yale.edu,Male,93.15.54.33
696,Jermaine,Paal,jpaaljb@mac.com,Male,189.35.173.71
697,Saree,MacVean,smacveanjc@tinypic.com,Female,164.82.220.139
698,Brunhilda,Teodoro,bteodorojd@nature.com,Female,14.123.217.120
699,Evania,Rentoll,erentollje@github.com,Female,84.159.16.169
700,Dora,Blemen,dblemenjf@livejournal.com,Genderqueer,104.116.220.243
701,Westley,Kiessel,wkiesseljg@123-reg.co.uk,Male,141.49.99.147
702,Alick,Alesi,aalesijh@columbia.edu,Male,1.76.128.77
703,Cly,Buffy,cbuffyji@godaddy.com,Male,155.102.186.140
704,Lanny,Paye,lpayejj@uiuc.edu,Female,168.58.151.45
705,Reinaldo,MacLachlan,rmaclachlanjk@google.co.uk,Male,145.15.141.14
706,Ethelind,Gristhwaite,egristhwaitejl@mapy.cz,Female,2.16.193.30
707,Georgianne,Arrowsmith,garrowsmithjm@comcast.net,Genderfluid,195.237.135.31
708,Husein,McGill,hmcgilljn@yolasite.com,Male,72.43.96.108
709,Leola,McConigal,lmcconigaljo@whitehouse.gov,Female,40.47.146.145
710,Danila,Aberhart,daberhartjp@disqus.com,Female,191.183.255.227
711,Freda,Bedham,fbedhamjq@goo.gl,Female,114.165.224.44
712,Melodee,Sargeant,msargeantjr@npr.org,Female,157.43.232.8
713,Hymie,Alejandri,halejandrijs@meetup.com,Male,205.65.228.91
714,Lorie,Royson,lroysonjt@nbcnews.com,Female,196.40.84.228
715,Karel,Housam,khousamju@europa.eu,Genderqueer,244.243.146.109
716,Annadiana,Strowan,astrowanjv@economist.com,Female,169.26.220.137
717,Gage,Dory,gdoryjw@zimbio.com,Male,174.162.9.184
718,Rubin,Springle,rspringlejx@webeden.co.uk,Male,73.115.6.7
719,Maxie,Pinnell,mpinnelljy@buzzfeed.com,Female,95.198.119.251
720,Cyrillus,Castelijn,ccastelijnjz@timesonline.co.uk,Male,150.148.211.167
721,Nike,Farfalameev,nfarfalameevk0@wikipedia.org,Female,37.141.13.246
722,Desdemona,Pittford,dpittfordk1@goo.ne.jp,Female,3.184.110.210
723,Ewell,Upson,eupsonk2@a8.net,Male,41.37.62.149
724,Ken,Knevet,kknevetk3@merriam-webster.com,Male,191.156.177.154
725,Darb,Goodfield,dgoodfieldk4@reddit.com,Bigender,159.254.181.171
726,Jessika,Jeannel,jjeannelk5@shinystat.com,Polygender,236.248.83.184
727,Bibbye,Munroe,bmunroek6@go.com,Female,113.129.62.191
728,Xever,Wrefford,xwreffordk7@tiny.cc,Male,118.227.213.57
729,Essy,Quennell,equennellk8@apple.com,Female,157.230.91.192
730,Gilberto,Chislett,gchislettk9@mashable.com,Male,189.214.17.80
731,Damien,Jaimez,djaimezka@zimbio.com,Male,154.95.21.88
732,Sherline,Boyne,sboynekb@senate.gov,Female,120.157.12.249
733,Bekki,Dorset,bdorsetkc@eventbrite.com,Female,43.35.178.148
734,Ad,Jedrzejkiewicz,ajedrzejkiewiczkd@bizjournals.com,Male,79.184.133.106
735,Norman,Lilleyman,nlilleymanke@cnbc.com,Male,137.105.174.132
736,Crosby,Aronson,caronsonkf@time.com,Male,66.128.162.111
737,Amitie,Rabjohns,arabjohnskg@51.la,Female,249.166.185.30
738,Norris,Annable,nannablekh@wunderground.com,Male,203.199.254.242
739,Vicky,Sea,vseaki@opera.com,Female,98.121.149.174
740,Gisele,de Mullett,gdemullettkj@devhub.com,Female,101.43.7.159
741,Valentine,Urien,vurienkk@devhub.com,Genderqueer,252.59.144.85
742,Rochester,Balden,rbaldenkl@admin.ch,Male,107.146.43.157
743,Miles,Fassan,mfassankm@bluehost.com,Male,44.244.153.202
744,Winn,Hallstone,whallstonekn@pbs.org,Male,64.228.213.233
745,Pepillo,Pury,ppuryko@census.gov,Male,183.253.82.167
746,Tabitha,De Avenell,tdeavenellkp@psu.edu,Female,49.235.79.152
747,Lorry,Giannasi,lgiannasikq@ow.ly,Male,215.134.68.55
748,Meg,Storror,mstorrorkr@networksolutions.com,Polygender,108.71.87.87
749,Buddie,Ellcock,bellcockks@last.fm,Male,210.59.123.42
750,Malinde,Chilley,mchilleykt@sphinn.com,Female,131.91.174.225
751,Asia,Montez,amontezku@slashdot.org,Female,28.97.175.80
752,Doralynne,Buff,dbuffkv@tripadvisor.com,Genderqueer,181.32.135.112
753,Teddy,Maylott,tmaylottkw@1und1.de,Male,49.131.218.163
754,Danya,Foldes,dfoldeskx@fotki.com,Female,232.135.245.65
755,Kinnie,Kermit,kkermitky@a8.net,Male,179.98.75.205
756,Loralyn,Muzzi,lmuzzikz@soup.io,Female,79.191.95.0
757,Tyne,Batistelli,tbatistellil0@comsenz.com,Female,94.77.155.51
758,Hermina,Parramore,hparramorel1@chron.com,Female,21.187.174.30
759,Jammal,Yeandel,jyeandell2@facebook.com,Male,34.222.24.226
760,Ardine,Comelli,acomellil3@dagondesign.com,Female,244.45.206.239
761,Ingemar,Jonathon,ijonathonl4@merriam-webster.com,Male,36.157.196.159
762,Harri,Waszczyk,hwaszczykl5@wiley.com,Genderfluid,144.83.88.187
763,Coraline,Mc Grath,cmcgrathl6@cbc.ca,Female,175.5.197.222
764,Grata,Swinburn,gswinburnl7@smh.com.au,Female,33.10.43.248
765,Elyssa,Bangham,ebanghaml8@squidoo.com,Female,110.104.65.209
766,Horatius,Featherstone,hfeatherstonel9@forbes.com,Male,170.179.243.161
767,Mose,Caghan,mcaghanla@slideshare.net,Male,119.29.165.251
768,Skipper,Summerrell,ssummerrelllb@kickstarter.com,Male,84.19.144.204
769,Zelma,Jones,zjoneslc@reverbnation.com,Female,234.31.11.72
770,Wally,Sodor,wsodorld@storify.com,Male,147.218.93.190
771,Heather,Parsisson,hparsissonle@facebook.com,Female,9.236.135.245
772,Devlen,Dechelette,ddechelettelf@newsvine.com,Male,9.87.168.162
773,Erich,Petrik,epetriklg@mac.com,Male,162.97.220.124
774,Teddi,Cambling,tcamblinglh@cbslocal.com,Female,203.252.191.64
775,Ronda,Cyseley,rcyseleyli@si.edu,Female,152.192.172.74
776,Rhona,Margaritelli,rmargaritellilj@hostgator.com,Female,46.67.34.128
777,Pavel,Nilges,pnilgeslk@webs.com,Male,13.195.51.189
778,Derrik,Greenland,dgreenlandll@360.cn,Male,158.95.132.101
779,Knox,Bignall,kbignalllm@yellowpages.com,Male,19.63.99.158
780,Torr,Sotworth,tsotworthln@hostgator.com,Male,18.140.130.65
781,Eolanda,Robelow,erobelowlo@amazon.co.jp,Female,78.42.170.41
782,Rupert,MacGilrewy,rmacgilrewylp@abc.net.au,Male,115.57.54.22
783,Alia,Verni,avernilq@cmu.edu,Female,83.226.195.129
784,Nerissa,Georgievski,ngeorgievskilr@mozilla.com,Female,59.251.42.166
785,Ardra,Braine,abrainels@economist.com,Female,210.84.159.201
786,Antone,Chellam,achellamlt@un.org,Agender,174.165.156.57
787,Gabriellia,Cypler,gcyplerlu@java.com,Female,111.71.29.200
788,Bertina,O'Keaveny,bokeavenylv@soup.io,Female,135.70.33.178
789,Artemis,MacCorley,amaccorleylw@weebly.com,Male,148.166.194.137
790,Horacio,Titta,htittalx@hud.gov,Male,83.65.77.238
791,Yehudi,Baraja,ybarajaly@usa.gov,Male,143.247.147.44
792,Helli,Redholls,hredhollslz@elpais.com,Female,44.105.98.193
793,Dur,Halton,dhaltonm0@netlog.com,Male,43.169.181.103
794,Fiorenze,Gardener,fgardenerm1@economist.com,Female,78.240.5.10
795,Rori,Saxelby,rsaxelbym2@java.com,Female,174.94.53.39
796,Mitchel,Rawsthorne,mrawsthornem3@japanpost.jp,Male,191.226.61.102
797,Gun,Gilcrist,ggilcristm4@aol.com,Male,225.5.97.247
798,Nolly,Ridout,nridoutm5@bbc.co.uk,Male,199.228.116.173
799,Ella,Samwyse,esamwysem6@t.co,Female,150.218.106.32
800,Livvie,Bru,lbrum7@ehow.com,Genderfluid,151.143.105.215
801,Payton,Mallett,pmallettm8@indiegogo.com,Male,137.180.161.109
802,Alexandr,Allam,aallamm9@time.com,Male,20.235.96.213
803,Aridatha,Sword,aswordma@twitter.com,Female,170.69.77.254
804,Lynnett,MacCrossan,lmaccrossanmb@cloudflare.com,Female,136.39.255.164
805,Judy,Haffner,jhaffnermc@uol.com.br,Female,107.254.239.101
806,Herby,Smieton,hsmietonmd@hhs.gov,Male,196.71.25.226
807,Friedrick,Cartan,fcartanme@istockphoto.com,Male,158.92.211.62
808,Tomkin,Midford,tmidfordmf@nature.com,Male,93.17.187.73
809,Rolando,Besson,rbessonmg@aol.com,Male,210.226.203.20
810,Martainn,Wettern,mwetternmh@census.gov,Male,38.202.200.37
811,Renaud,Chiese,rchiesemi@photobucket.com,Male,65.12.86.43
812,Sisile,Joyner,sjoynermj@walmart.com,Female,164.226.66.78
813,Chastity,Moutray Read,cmoutrayreadmk@utexas.edu,Female,79.24.54.37
814,Ailene,Brannigan,abranniganml@latimes.com,Female,80.0.95.82
815,Loretta,Skeleton,lskeletonmm@moonfruit.com,Female,91.59.30.155
816,Candide,Reinhardt,creinhardtmn@buzzfeed.com,Female,145.119.75.13
817,Bridget,Blodget,bblodgetmo@japanpost.jp,Female,165.248.150.31
818,Fidole,Southerns,fsouthernsmp@hubpages.com,Male,179.23.131.162
819,Spenser,Duddan,sduddanmq@yellowpages.com,Male,193.164.88.213
820,Lonnie,Fairney,lfairneymr@senate.gov,Male,220.143.111.34
821,Norris,Dublin,ndublinms@dyndns.org,Male,69.89.131.101
822,Angelia,Dolman,adolmanmt@timesonline.co.uk,Female,39.234.3.95
823,Kort,Renouf,krenoufmu@wunderground.com,Bigender,239.149.139.171
824,Rochelle,Tinwell,rtinwellmv@mac.com,Female,252.83.235.171
825,Katee,Simenet,ksimenetmw@miibeian.gov.cn,Female,236.79.116.54
826,Saunderson,Eastcourt,seastcourtmx@creativecommons.org,Male,24.12.148.82
827,Carine,Hagwood,chagwoodmy@ovh.net,Female,106.90.100.77
828,Ram,Simak,rsimakmz@businessinsider.com,Male,39.242.9.212
829,Alaster,Littrell,alittrelln0@behance.net,Male,234.142.218.42
830,Wilhelmina,Grinov,wgrinovn1@pbs.org,Female,83.174.70.230
831,Matty,Paoloni,mpaolonin2@intel.com,Female,56.217.34.194
832,Leighton,Farran,lfarrann3@nytimes.com,Male,148.47.155.128
833,Aymer,Fortnum,afortnumn4@unicef.org,Polygender,9.137.187.205
834,Mervin,Dodgson,mdodgsonn5@blogtalkradio.com,Male,36.81.36.3
835,Gwendolen,Duckett,gduckettn6@epa.gov,Female,150.99.150.86
836,Tani,Castlake,tcastlaken7@usatoday.com,Female,207.241.5.134
837,Valentia,Dorricott,vdorricottn8@sfgate.com,Female,66.113.28.40
838,Liva,Biagini,lbiaginin9@tamu.edu,Female,130.55.115.116
839,Richie,Sheilds,rsheildsna@weather.com,Male,199.33.180.10
840,Stern,Benge,sbengenb@walmart.com,Male,35.27.151.34
841,Ramsay,Argo,rargonc@springer.com,Male,213.197.218.187
842,Earl,Eronie,eeroniend@amazon.co.uk,Male,130.202.176.226
843,Josephine,Swinford,jswinfordne@sourceforge.net,Female,246.49.114.164
844,Stephen,Mengo,smengonf@weebly.com,Non-binary,7.170.209.74
845,Casar,Borless,cborlessng@hc360.com,Male,66.177.164.191
846,Rhea,Molan,rmolannh@phpbb.com,Female,158.175.95.57
847,Beverlee,Misk,bmiskni@fema.gov,Non-binary,246.249.124.224
848,Linnell,MacCartair,lmaccartairnj@bing.com,Female,164.63.254.2
849,Justen,Antonognoli,jantonognolink@reverbnation.com,Male,174.83.188.15
850,Jenny,Snelgrove,jsnelgrovenl@usatoday.com,Female,9.210.192.105
851,Adda,Ollin,aollinnm@gizmodo.com,Female,160.91.178.14
852,Grenville,Slimming,gslimmingnn@wunderground.com,Male,86.80.47.56
853,Brandie,Cusack,bcusackno@surveymonkey.com,Female,248.31.43.50
854,Klement,Coopman,kcoopmannp@ucoz.ru,Genderqueer,158.23.95.166
855,Brice,Lewinton,blewintonnq@list-manage.com,Male,209.44.140.80
856,Dean,Jasik,djasiknr@independent.co.uk,Polygender,90.184.163.137
857,Maurice,McKall,mmckallns@google.pl,Male,206.238.69.183
858,Zolly,Bolstridge,zbolstridgent@weather.com,Male,130.41.172.154
859,Jules,Miko,jmikonu@businessweek.com,Male,221.3.79.132
860,Delores,Barfford,dbarffordnv@indiatimes.com,Female,24.171.137.17
861,Cobby,Hansard,chansardnw@wikimedia.org,Male,114.239.53.28
862,Donn,Longworthy,dlongworthynx@foxnews.com,Male,29.252.65.159
863,Kayne,Griffithe,kgriffitheny@businessweek.com,Male,58.13.1.229
864,Ezra,Gainsford,egainsfordnz@webeden.co.uk,Male,84.186.211.206
865,Thornton,Kalkofer,tkalkofero0@reverbnation.com,Male,207.73.120.28
866,Gregory,Casari,gcasario1@aol.com,Male,155.78.80.221
867,Nikolaos,Clohissy,nclohissyo2@dailymail.co.uk,Male,206.113.199.119
868,Melantha,Pickin,mpickino3@marriott.com,Female,39.97.165.174
869,Carling,D'Aubney,cdaubneyo4@webnode.com,Male,183.57.224.89
870,Nikolos,Juden,njudeno5@ox.ac.uk,Male,230.47.34.6
871,Maren,Marryatt,mmarryatto6@jugem.jp,Female,127.99.31.208
872,Dallis,Jentet,djenteto7@cargocollective.com,Male,5.1.74.192
873,Sioux,Lamshead,slamsheado8@meetup.com,Female,52.76.93.172
874,Mariska,Torbet,mtorbeto9@mac.com,Female,201.144.67.184
875,Anthiathia,Bird,abirdoa@pcworld.com,Female,25.144.128.59
876,Jemie,Hugnet,jhugnetob@tmall.com,Genderqueer,166.124.227.202
877,Gothart,Juniper,gjuniperoc@mozilla.com,Male,219.140.220.27
878,Yankee,O'Doogan,yodooganod@umich.edu,Male,218.210.70.218
879,Colan,Gellan,cgellanoe@sciencedirect.com,Male,116.22.247.52
880,Shanon,Haythornthwaite,shaythornthwaiteof@eventbrite.com,Female,167.39.104.75
881,Caron,Pendell,cpendellog@bbb.org,Female,223.185.121.221
882,Blakeley,Okell,bokelloh@kickstarter.com,Bigender,50.255.107.153
883,Skipper,Andriulis,sandriulisoi@geocities.com,Male,13.202.166.6
884,Melisse,Freemantle,mfreemantleoj@home.pl,Polygender,102.147.0.57
885,Darby,Lummasana,dlummasanaok@hp.com,Male,52.239.173.176
886,Dominique,Klemke,dklemkeol@globo.com,Genderfluid,60.58.50.3
887,Arty,Comer,acomerom@chronoengine.com,Male,175.103.246.45
888,Ronnica,Jiruch,rjiruchon@washingtonpost.com,Female,1.84.133.102
889,Kaila,Whitwood,kwhitwoodoo@tmall.com,Female,44.125.176.160
890,Bronnie,Janczyk,bjanczykop@moonfruit.com,Male,253.253.109.166
891,Shaun,Tims,stimsoq@wsj.com,Male,84.167.82.122
892,Carissa,Chamberlen,cchamberlenor@cornell.edu,Female,196.199.128.117
893,Cybil,Olman,colmanos@stanford.edu,Female,135.245.134.64
894,Alfi,Nelsey,anelseyot@soup.io,Female,121.53.184.145
895,Ania,Claus,aclausou@digg.com,Non-binary,192.169.58.124
896,Hatty,Moorhouse,hmoorhouseov@uol.com.br,Female,197.165.199.147
897,Freddie,Gehrts,fgehrtsow@cpanel.net,Agender,239.168.136.77
898,Reidar,Lavery,rlaveryox@biglobe.ne.jp,Male,74.241.190.161
899,William,Baff,wbaffoy@artisteer.com,Genderqueer,82.254.29.41
900,Any,MacAlpine,amacalpineoz@ucoz.com,Male,184.155.162.214
901,Dolph,McLernon,dmclernonp0@indiatimes.com,Non-binary,54.252.7.114
902,Alisander,Hawyes,ahawyesp1@nba.com,Male,119.164.19.66
903,Wanda,Northfield,wnorthfieldp2@shop-pro.jp,Female,72.98.195.58
904,Rowney,Gasgarth,rgasgarthp3@cafepress.com,Male,232.60.10.59
905,Amber,Croyden,acroydenp4@cdc.gov,Female,14.237.5.112
906,Jeff,Fletham,jflethamp5@canalblog.com,Male,41.201.94.161
907,Thorndike,Cosens,tcosensp6@myspace.com,Non-binary,68.6.168.89
908,Benny,Campaigne,bcampaignep7@netlog.com,Bigender,180.88.88.169
909,Hamil,Kuhne,hkuhnep8@flickr.com,Male,113.203.186.20
910,Jacky,Lapping,jlappingp9@last.fm,Male,217.226.120.186
911,Foss,Olyonov,folyonovpa@angelfire.com,Male,33.188.76.15
912,Whittaker,Creyke,wcreykepb@php.net,Male,45.224.0.224
913,Adelind,Sawyers,asawyerspc@topsy.com,Female,111.69.8.156
914,Eduino,Pawlick,epawlickpd@irs.gov,Male,29.180.28.19
915,Corie,Kingsnode,ckingsnodepe@hud.gov,Female,94.201.60.159
916,Merl,Monroe,mmonroepf@phpbb.com,Female,59.70.244.89
917,Jordan,Craisford,jcraisfordpg@soup.io,Female,196.85.208.97
918,Elsbeth,Ficken,efickenph@istockphoto.com,Female,113.180.76.246
919,Grover,Block,gblockpi@home.pl,Bigender,42.100.248.191
920,Oswald,Di Batista,odibatistapj@ocn.ne.jp,Male,77.128.26.252
921,Anson,Sherrell,asherrellpk@bravesites.com,Male,95.52.179.236
922,Schuyler,Barrat,sbarratpl@miitbeian.gov.cn,Male,144.7.20.244
923,Perry,Whetnall,pwhetnallpm@sfgate.com,Male,14.236.224.11
924,Perren,Milhench,pmilhenchpn@mlb.com,Male,235.136.252.132
925,Thibaud,Yanov,tyanovpo@china.com.cn,Agender,123.140.78.153
926,Sharona,Clubley,sclubleypp@1688.com,Female,83.126.89.36
927,Wanids,Swaite,wswaitepq@privacy.gov.au,Female,39.0.142.109
928,Phillis,Garrould,pgarrouldpr@reuters.com,Female,174.144.131.224
929,Tull,Cavil,tcavilps@domainmarket.com,Male,123.120.84.121
930,Jeffy,Swindell,jswindellpt@pinterest.com,Non-binary,187.186.87.220
931,Karney,Melbourne,kmelbournepu@aboutads.info,Male,62.254.200.230
932,Caresse,Weldrake,cweldrakepv@bravesites.com,Female,123.137.208.114
933,Moshe,Van Halle,mvanhallepw@myspace.com,Male,51.214.233.198
934,Brucie,Reis,breispx@jalbum.net,Male,76.134.239.109
935,Randall,Tixier,rtixierpy@mozilla.com,Male,106.32.87.12
936,Lorenzo,Ellesworthe,lellesworthepz@intel.com,Male,161.98.161.193
937,Eddie,Sute,esuteq0@nationalgeographic.com,Female,240.244.195.76
938,Mike,Everett,meverettq1@over-blog.com,Male,91.129.0.30
939,Margit,Lockier,mlockierq2@freewebs.com,Female,20.134.79.31
940,Sigvard,Dreus,sdreusq3@xing.com,Male,76.193.99.99
941,Nanine,Axon,naxonq4@businessweek.com,Female,63.91.47.169
942,Akim,McCutheon,amccutheonq5@theguardian.com,Male,82.112.20.58
943,Josefina,Rebert,jrebertq6@woothemes.com,Female,166.136.203.124
944,Fulvia,Clarke-Williams,fclarkewilliamsq7@upenn.edu,Female,57.96.3.5
945,Dinah,Jozefowicz,djozefowiczq8@ifeng.com,Female,153.58.141.193
946,Tanny,Simon,tsimonq9@jugem.jp,Male,192.81.219.129
947,Archibaldo,Ingleson,ainglesonqa@domainmarket.com,Male,73.177.46.5
948,Nelli,Mouton,nmoutonqb@ibm.com,Female,150.77.122.227
949,Rudie,Posvner,rposvnerqc@fda.gov,Male,220.193.178.157
950,Ingaborg,Batthew,ibatthewqd@blogger.com,Female,125.253.117.139
951,Teriann,Staten,tstatenqe@tumblr.com,Female,171.15.135.254
952,Mackenzie,Banger,mbangerqf@bing.com,Male,247.70.53.79
953,Raynard,Phinnis,rphinnisqg@moonfruit.com,Male,100.189.228.11
954,Jocko,Crompton,jcromptonqh@addtoany.com,Male,185.255.202.86
955,Sylas,Darwent,sdarwentqi@php.net,Agender,97.44.11.34
956,Dore,Lebbon,dlebbonqj@tinyurl.com,Female,237.18.62.221
957,Sheff,Corter,scorterqk@yahoo.com,Male,152.57.243.142
958,Hewitt,Harrap,hharrapql@cdc.gov,Male,190.123.24.114
959,Benjamin,Read,breadqm@youtube.com,Male,171.215.109.91
960,Thaxter,Leates,tleatesqn@ovh.net,Male,222.157.104.132
961,Van,Haeslier,vhaeslierqo@clickbank.net,Female,168.216.127.128
962,Alasteir,Woolveridge,awoolveridgeqp@google.co.uk,Male,99.243.173.154
963,Gil,Carrivick,gcarrivickqq@miibeian.gov.cn,Male,229.136.219.162
964,Ferne,Doorey,fdooreyqr@umich.edu,Female,52.254.244.224
965,Alonzo,Allso,aallsoqs@51.la,Male,120.194.175.128
966,Luigi,Sebire,lsebireqt@indiegogo.com,Male,147.79.192.14
967,Kikelia,Kirtland,kkirtlandqu@goo.ne.jp,Female,95.188.117.194
968,Grissel,Capstake,gcapstakeqv@usda.gov,Female,131.167.248.24
969,Niccolo,Elger,nelgerqw@nyu.edu,Genderqueer,173.15.182.110
970,Lynnell,Gorghetto,lgorghettoqx@hao123.com,Female,12.153.71.220
971,Aldin,Adlington,aadlingtonqy@ifeng.com,Male,49.101.134.24
972,Jarid,Arnaez,jarnaezqz@hexun.com,Male,149.211.26.164
973,Davon,Daveran,ddaveranr0@digg.com,Male,205.101.230.246
974,Hope,Roycroft,hroycroftr1@ed.gov,Female,214.116.129.166
975,Tybie,Whitehorne,twhitehorner2@ycombinator.com,Female,206.242.81.250
976,Morgan,Kingdon,mkingdonr3@mediafire.com,Female,108.91.170.182
977,Jedidiah,Klishin,jklishinr4@harvard.edu,Male,44.148.94.26
978,Vitia,Fullilove,vfullilover5@dot.gov,Female,6.168.122.60
979,Valaree,Kivlehan,vkivlehanr6@trellian.com,Female,130.155.159.102
980,Zebulen,Van Haeften,zvanhaeftenr7@is.gd,Male,153.61.212.148
981,Ardys,Conre,aconrer8@toplist.cz,Female,175.114.208.181
982,Tobe,Paynton,tpayntonr9@technorati.com,Female,240.137.206.107
983,Ikey,Gookey,igookeyra@dell.com,Male,163.215.164.186
984,Dani,Antoniazzi,dantoniazzirb@unicef.org,Male,123.41.162.54
985,Clevey,Riden,cridenrc@cbc.ca,Male,32.100.185.11
986,Lydon,Gear,lgearrd@seesaa.net,Male,91.83.192.78
987,Wallis,Edes,wedesre@cdbaby.com,Male,159.204.85.69
988,Lyndsie,Merriman,lmerrimanrf@g.co,Female,152.65.104.246
989,Cob,Gordge,cgordgerg@youku.com,Male,158.128.209.62
990,Georgie,Sawell,gsawellrh@cnn.com,Female,70.160.154.49
991,Natalina,Rameaux,nrameauxri@webs.com,Female,155.160.55.159
992,Sofie,Michie,smichierj@sun.com,Female,231.7.81.65
993,Jefferey,Ball,jballrk@wsj.com,Male,246.17.41.67
994,Ragnar,Franckton,rfrancktonrl@bbc.co.uk,Male,234.25.14.58
995,Lesley,Manach,lmanachrm@thetimes.co.uk,Male,107.116.36.111
996,Pammi,Balk,pbalkrn@blogs.com,Female,118.228.28.132
997,Ludovika,Darlison,ldarlisonro@oakley.com,Female,214.96.58.152
998,Christoper,Bristoe,cbristoerp@unicef.org,Male,192.116.213.194
999,Shelby,Egarr,segarrrq@time.com,Male,31.223.31.140
1000,Thaine,Ilymanov,tilymanovrr@nifty.com,Male,230.98.55.73
